KU501216|103344|NA|2015_12_01|Human|Guatemala|NA|Zika_virus	2015-12-01
KX262887|103451|NA|2016_01_06|Human|Honduras|Asian|Zika_virus	2016-01-06
MF073359|15098|NA|2015_03_01|Human|Brazil|Asian|Zika_virus	2015-03-01
MK566202|15098|NA|2015_03|Unknown|Brazil|Asian|Zika_virus	2015-03
MF073358|15261|NA|2015_06_01|Human|Brazil|Asian|Zika_virus	2015-06-01
MN025403|15555|NA|2018_08|Human|Guinea|West_African|Zika_virus	2018-08
MF073357|16288|NA|2016_02_01|Human|Brazil|Asian|Zika_virus	2016-02-01
KU758877|17271|NA|2015_12|Human|French_Guiana|Asian|Zika_virus	2015-12
KR872956|17829|NA|2015|Human|Brazil|Asian|Zika_virus	2015
MK238035|17844|NA|2018_09_18|Human|India|Asian|Zika_virus	2018-09-18
KX447511|1_0015_PF|NA|2014_01|Human|French_Polynesia|Asian|Zika_virus	2014-01
KX447515|1_0030_PF|NA|2013_11|Human|French_Polynesia|Asian|Zika_virus	2013-11
KX447514|1_0035_PF|NA|2014_01|Human|French_Polynesia|Asian|Zika_virus	2014-01
KX447517|1_0038_PF|NA|2014_01|Human|French_Polynesia|Asian|Zika_virus	2014-01
KX447510|1_0049_PF|NA|2013_12|Human|French_Polynesia|Asian|Zika_virus	2013-12
KX447509|1_0087_PF|NA|2013_12|Human|French_Polynesia|Asian|Zika_virus	2013-12
KX447516|1_0111_PF|NA|2014_01|Human|French_Polynesia|Asian|Zika_virus	2014-01
KX447513|1_0134_PF|NA|2013_12|Human|French_Polynesia|Asian|Zika_virus	2013-12
KX447512|1_0181_PF|NA|2013_12|Human|French_Polynesia|Asian|Zika_virus	2013-12
KX906952|2016\HND\19563|NA|2016_04_16|Human|Honduras|Asian|Zika_virus	2016-04-16
MN611472|2019YNZIKV02|NA|2019_07_01|Human|China|Asian|Zika_virus	2019-07-01
MK238037|20366|NA|2018_10_10|Human|India|Asian|Zika_virus	2018-10-10
MK238038|21993|NA|2018_10_15|Human|India|Asian|Zika_virus	2018-10-15
MH900227|31N|NA|2016|Mosquito|Mexico|Asian|Zika_virus	2016
MH544701|459148_Meta_Colombia_2016|NA|2016_01_17|Unknown|Colombia|Asian|Zika_virus	2016-01-17
KU501217|8375|NA|2015_11_01|Human|Guatemala|NA|Zika_virus	2015-11-01
KX197205|9|NA|2015_12_01|Human|Brazil|Asian|Zika_virus	2015-12-01
MN473451|96623|NA|2016|Human|Canada|Asian|Zika_virus	2016
MN473452|96624|NA|2016|Human|Canada|Asian|Zika_virus	2016
MN473453|96625|NA|2016|Human|Canada|Asian|Zika_virus	2016
MN473454|96626|NA|2016|Human|Canada|Asian|Zika_virus	2016
MK049247|Aedes_aegypti/COL/FH04/2016|NA|2016_01_29|Mosquito|Colombia|Asian|Zika_virus	2016-01-29
KY553111|AFMC_U|NA|2016_04|Human|South_Korea|Asian|Zika_virus	2016-04
MK216692|AMA13|NA|2016_04_01|Human|Brazil|Asian|Zika_virus	2016-04-01
MK216695|AMA16|NA|2016_04_05|Human|Brazil|Asian|Zika_virus	2016-04-05
MK216696|AMA19|NA|2016_04_08|Human|Brazil|Asian|Zika_virus	2016-04-08
MK216687|AMA2|NA|2016_02_19|Human|Brazil|Asian|Zika_virus	2016-02-19
MK216697|AMA20|NA|2016_04_26|Human|Brazil|Asian|Zika_virus	2016-04-26
MK216698|AMA21|NA|2016_04_25|Human|Brazil|Asian|Zika_virus	2016-04-25
MK216699|AMA22|NA|2016_05_16|Human|Brazil|Asian|Zika_virus	2016-05-16
MK216745|AMA302|NA|2015_12_08|Human|Brazil|Asian|Zika_virus	2015-12-08
MK216710|AMA41|NA|2016_02_03|Human|Brazil|Asian|Zika_virus	2016-02-03
MK216713|AMA45|NA|2016_01_08|Human|Brazil|Asian|Zika_virus	2016-01-08
MK216688|AMA5|NA|2016_03_10|Human|Brazil|Asian|Zika_virus	2016-03-10
MK216727|AMA65|NA|2016_01_30|Human|Brazil|Asian|Zika_virus	2016-01-30
MK216743|AMA88|NA|2017_03_28|Human|Brazil|Asian|Zika_virus	2017-03-28
MK216741|AMA89|NA|2017_03_28|Human|Brazil|Asian|Zika_virus	2017-03-28
MK216690|AMA9|NA|2016_03_18|Human|Brazil|Asian|Zika_virus	2016-03-18
MK216742|AMA90|NA|2017_03_29|Human|Brazil|Asian|Zika_virus	2017-03-29
KF268948|ARB13565|NA|1976|Mosquito|Central_African_Republic|NA|Zika_virus	1976
KU365780|BeH815744|NA|2015|Human|Brazil|NA|Zika_virus	2015
KU729218|BeH818305|NA|2015|Human|Brazil|Asian|Zika_virus	2015
KU365777|BeH818995|NA|2015|Human|Brazil|NA|Zika_virus	2015
KU365778|BeH819015|NA|2015|Human|Brazil|NA|Zika_virus	2015
KU365779|BeH819966|NA|2015|Human|Brazil|NA|Zika_virus	2015
KU729217|BeH823339|NA|2015|Human|Brazil|Asian|Zika_virus	2015
MG548660|BKK03|NA|2016_11_30|Human|Thailand|Asian|Zika_virus	2016-11-30
MG548661|BKK04|NA|2016_11_30|Human|Thailand|Asian|Zika_virus	2016-11-30
MH013290|BKK07|NA|2017_10_01|Human|Thailand|Asian|Zika_virus	2017-10-01
KY631492|BR/AM/16800005|NA|2016_01_08|Human|Brazil|Asian|Zika_virus	2016-01-08
MH513598|BR/Sinop/H355/2015|NA|2015_12_09|Human|Brazil|Asian|Zika_virus	2015-12-09
MH513600|BR/Sinop/H366_2P/2015|NA|2015_12_11|Human|Brazil|Asian|Zika_virus	2015-12-11
MH513599|BR/Sinop/H366/2015|NA|2015_12_11|Human|Brazil|Asian|Zika_virus	2015-12-11
KY441403|BR_SJRP1840|NA|2016_01_11|Human|Brazil|Asian|Zika_virus	2016-01-11
KY441401|BR_SJRP21|NA|2016_02_29|Human|Brazil|Asian|Zika_virus	2016-02-29
KY441402|BR_SJRP61|NA|2016_04_05|Human|Brazil|Asian|Zika_virus	2016-04-05
KU497555|Brazil_ZKV2015|NA|2015_11_30|Human|Brazil|Asian|Zika_virus	2015-11-30
KU991811|Brazil/2016/INMI1|NA|2016_03_06|Human|Italy|Asian|Zika_virus	2016-03-06
KX811222|Brazil_2015_MG|NA|2016_06_14|Unknown|Brazil|Asian|Zika_virus	2016-06-14
MK049245|COL/FH02/2016|NA|2016_02_29|Human|Colombia|Asian|Zika_virus	2016-02-29
MK049246|COL/FH03/2016|NA|2016_03_09|Human|Colombia|Asian|Zika_virus	2016-03-09
MK049248|COL/FH05/2016|NA|2016_07_27|Human|Colombia|Asian|Zika_virus	2016-07-27
MK049252|COL/FH07/2016|NA|2016_05_16|Human|Colombia|Asian|Zika_virus	2016-05-16
MK049249|COL/FH09/2016|NA|2016_11_02|Human|Colombia|Asian|Zika_virus	2016-11-02
MH179341|COL345Si|NA|2015_12_10|Mosquito|Colombia|Asian|Zika_virus	2015-12-10
MH675625|CTS_178_16p|NA|2016_08|Human|Puerto_Rico|Asian|Zika_virus	2016-08
MH675626|CTS_183_16p|NA|2016_08|Human|Puerto_Rico|Asian|Zika_virus	2016-08
MH675627|CTS_193_16p|NA|2016_08|Human|Puerto_Rico|Asian|Zika_virus	2016-08
MH675628|CTS_223_16p|NA|2016_08|Human|Puerto_Rico|Asian|Zika_virus	2016-08
MH675619|CTS_30_16p|NA|2016_05|Human|Puerto_Rico|Asian|Zika_virus	2016-05
MH675620|CTS_36_16p|NA|2016_05|Human|Puerto_Rico|Asian|Zika_virus	2016-05
MH675621|CTS_47_16p|NA|2016_05|Human|Puerto_Rico|Asian|Zika_virus	2016-05
MH675622|CTS_50_16p|NA|2016_06|Human|Puerto_Rico|Asian|Zika_virus	2016-06
MH675623|CTS_56_16p|NA|2016_06|Human|Puerto_Rico|Asian|Zika_virus	2016-06
MH675624|CTS_61_16p|NA|2016_06|Human|Puerto_Rico|Asian|Zika_virus	2016-06
MG645981|CVD_06_274|NA|2006_10_28|Human|Thailand|Asian|Zika_virus	2006-10-28
MH119185|DMSc05684_16|NA|2016_12_01|Human|Thailand|Asian|Zika_virus	2016-12-01
KU853012|Dominican_Republic/2016/PD1|NA|2016_02_01|Human|Italy|Asian|Zika_virus	2016-02-01
KU853013|Dominican_Republic/2016/PD2|NA|2016_02_01|Human|Italy|Asian|Zika_virus	2016-02-01
MF664436|Dominican_Republic/2016/ZB|NA|2016_08_25|Human|Russia|Asian|Zika_virus	2016-08-25
MF098766|Dominican_Rep_Rus_5RMN_2016|NA|2016_05_31|Human|Russia|Asian|Zika_virus	2016-05-31
MF098768|Dominican_Rep_Rus_7EGR_2016|NA|2016_08_25|Human|Russia|Asian|Zika_virus	2016-08-25
MF098769|Dominican_Rep_Rus_8ZBR_2016|NA|2016_08_25|Human|Russia|Asian|Zika_virus	2016-08-25
KY631494|ENCB165P4|NA|2015_10_15|Human|Mexico|Asian|Zika_virus	2015-10-15
KU870645|FB_GWUH_2016|NA|2016_02_02|Human|USA|Asian|Zika_virus	2016-02-02
KY693676|FHT1166/HON/2016|NA|2016_08_26|Human|Honduras|Asian|Zika_virus	2016-08-26
KY693677|FHT1175/HON/2016|NA|2016_08_26|Human|Honduras|Asian|Zika_virus	2016-08-26
KY989971|FLA|NA|2015_12|Human|Colombia|Asian|Zika_virus	2015-12
KU820897|FLR|NA|2015_12|Human|Colombia|Asian|Zika_virus	2015-12
MK269354|FLSR077|NA|2016_08_20|Human|USA|Asian|Zika_virus	2016-08-20
MK269360|FLSR103|NA|2016_08_09|Human|USA|Asian|Zika_virus	2016-08-09
MK269353|FLSR118|NA|2016_08_28|Human|USA|Asian|Zika_virus	2016-08-28
MK269357|FLUR096|NA|2016_09_03|Human|USA|Asian|Zika_virus	2016-09-03
MK269359|FLUR100|NA|2016_08_18|Human|USA|Asian|Zika_virus	2016-08-18
KY693678|FPI15198/PERU/Loreto/2016|NA|2016_06_28|Human|Peru|Asian|Zika_virus	2016-06-28
KY693679|FPI15263/PERU/Loreto/2016|NA|2016_07_11|Human|Peru|Asian|Zika_virus	2016-07-11
MN185326|French_Guiana_Aedes_aegypti_T1010|NA|2016|Mosquito|French_Guiana|Asian|Zika_virus	2016
MN185328|French_Guiana_Aedes_aegypti_T1141|NA|2016|Mosquito|French_Guiana|Asian|Zika_virus	2016
EU545988|FSM|NA|2007_06|Human|Micronesia|NA|Zika_virus	2007-06
MH158236|FSS13025|NA|2010|Human|Cambodia|Asian|Zika_virus	2010
MH368551|FSS13025|NA|2016_06_14|Unknown|Cambodia|Asian|Zika_virus	2016-06-14
KY693680|FVM00318/VEN/Maracay/2016|NA|2016_10_19|Human|Venezuela|Asian|Zika_virus	2016-10-19
KU740184|GD01|NA|2016_02|Human|China|Asian|Zika_virus	2016-02
KU761564|GDZ16001|NA|2016_02_12|Human|China|Asian|Zika_virus	2016-02-12
MF167360|GDZ16021|NA|2016_02_26|Human|China|Asian|Zika_virus	2016-02-26
MN185327|Guadeloupe_Aedes_aegypti_T1044|NA|2016|Mosquito|Guadeloupe|Asian|Zika_virus	2016
MN185329|Guadeloupe_Aedes_aegypti_T1506|NA|2016|Mosquito|Guadeloupe|Asian|Zika_virus	2016
MN185332|Guadeloupe_Aedes_aegypti_T633|NA|2016|Mosquito|Guadeloupe|Asian|Zika_virus	2016
MN185324|Guadeloupe_Aedes_aegypti_T905|NA|2016|Mosquito|Guadeloupe|Asian|Zika_virus	2016
MN185325|Guadeloupe_Aedes_aegypti_T910_2|NA|2016|Mosquito|Guadeloupe|Asian|Zika_virus	2016
MN185330|Guadeloupe_Aedes_aegypti_T912|NA|2016|Mosquito|Guadeloupe|Asian|Zika_virus	2016
MN185331|Guadeloupe_Aedes_aegypti_T961|NA|2016|Mosquito|Guadeloupe|Asian|Zika_virus	2016
KU820898|GZ01|NA|2016_02_14|Human|China|Asian|Zika_virus	2016-02-14
KJ776791|H/PF/2013|NA|2013_11_28|Human|French_Polynesia|Asian|Zika_virus	2013-11-28
MN566104|Haiti/0011/2016|NA|2016_05_31|Human|Haiti|Asian|Zika_virus	2016-05-31
KY415986|Haiti/0029/2014|NA|2014_05_29|Human|Haiti|Asian|Zika_virus	2014-05-29
KY415987|Haiti/0033/2014|NA|2014_05_29|Human|Haiti|Asian|Zika_virus	2014-05-29
KY415990|Haiti/0036/2014|NA|2014_06_02|Human|Haiti|Asian|Zika_virus	2014-06-02
KY415988|Haiti/0054/2014|NA|2014_06_05|Human|Haiti|Asian|Zika_virus	2014-06-05
KY415989|Haiti/0074/2014|NA|2014_06_10|Human|Haiti|Asian|Zika_virus	2014-06-10
KY415991|Haiti/0097/2014|NA|2014_06_24|Human|Haiti|Asian|Zika_virus	2014-06-24
MN577544|Haiti/0148/2016|NA|2016_06_01|Human|Haiti|Asian|Zika_virus	2016-06-01
MN566107|Haiti/0165/2016|NA|2016_05_31|Human|Haiti|Asian|Zika_virus	2016-05-31
MN566105|Haiti/0375/2016|NA|2016_05_31|Human|Haiti|Asian|Zika_virus	2016-05-31
MN566106|Haiti/0395/2016|NA|2016_05_31|Human|Haiti|Asian|Zika_virus	2016-05-31
MN566108|Haiti/0866/2016|NA|2016_05_31|Human|Haiti|Asian|Zika_virus	2016-05-31
KX051563|Haiti/1/2016|NA|2016_02_05|Human|USA|Asian|Zika_virus	2016-02-05
KU509998|Haiti/1225/2014|NA|2014_12_12|Human|Haiti|Asian|Zika_virus	2014-12-12
MN577543|Haiti/1327/2014|NA|2014_12_11|Human|Haiti|Asian|Zika_virus	2014-12-11
KX269878|Haiti/2016/PD|NA|2016_02_01|Human|Italy|Asian|Zika_virus	2016-02-01
MF593625|Henan/001/2016|NA|2016_09_14|Human|China|Asian|Zika_virus	2016-09-14
KY328289|HN16|NA|2016_05|Human|Honduras|Asian|Zika_virus	2016-05
KX520666|HS_2015_BA_01|NA|2015_08|Human|Brazil|Asian|Zika_virus	2015-08
KU179098|JMB_185|NA|2014_12_30|Human|Indonesia|Asian|Zika_virus	2014-12-30
MK696551|JXLHS1807|NA|2018_07|NA|China|Asian|Zika_virus	2018-07
MF988743|MB16_23|NA|2016_09_01|Mosquito|USA|Asian|Zika_virus	2016-09-01
KU922923|MEX/InDRE/Lm/2016|NA|2016_02_25|Human|Mexico|Asian|Zika_virus	2016-02-25
KU922960|MEX/InDRE/Sm/2016|NA|2016_02_25|Human|Mexico|Asian|Zika_virus	2016-02-25
KY606272|mex07/Mexico/2016|NA|2016_08_05|Human|Mexico|Asian|Zika_virus	2016-08-05
KY606274|mex39/Mexico/2016|NA|2016_07_07|Human|Mexico|Asian|Zika_virus	2016-07-07
KY606273|mex48/Mexico/2016|NA|2016_06_30|Human|Mexico|Asian|Zika_virus	2016-06-30
KY120349|MEX_CIENI551|NA|2016_03_03|Human|Mexico|Asian|Zika_virus	2016-03-03
KY120348|MEX_CIENI551P4|NA|2016_03_03|Human|Mexico|Asian|Zika_virus	2016-03-03
KY631493|MEX_ENCB165|NA|2015_10_15|Human|Mexico|Asian|Zika_virus	2015-10-15
KX247632|MEX_I_7|NA|2015_11|Mosquito|Mexico|Asian|Zika_virus	2015-11
MF098771|Mexico_Rus_12TVR_2017|NA|2017_01_30|Human|Russia|Asian|Zika_virus	2017-01-30
MF384325|mosquito/Haiti/1682/2016|NA|2016_05_17|Mosquito|Haiti|Asian|Zika_virus	2016-05-17
KY288905|MP1751|NA|1962_11|Mosquito|Uganda|East_African|Zika_virus	1962-11
KU720415|MR_766|NA|1947|Unknown|Uganda|East_African|Zika_virus	1947
KY989511|MR_766|NA|1947|Unknown|Uganda|East_African|Zika_virus	1947
KX377335|MR_766|NA|1947_04|Monkey|Uganda|East_African|Zika_virus	1947-04
MK105975|MR766|NA|2016_06_14|Monkey|Uganda|East_African|Zika_virus	2016-06-14
KU647676|MRS_OPY_Martinique_PaRi_2015|NA|2015_12|Human|Martinique|Asian|Zika_virus	2015-12
KU527068|Natal_RGN|NA|2015|Human|Brazil|Asian|Zika_virus	2015
NC_035889|Natal_RGN|NA|2015|Human|Brazil|Asian|Zika_virus	2015
KX421195|Nica1_16|NA|2016_01_19|Human|Nicaragua|Asian|Zika_virus	2016-01-19
KX421194|Nica2_16|NA|2016_01_13|Human|Nicaragua|Asian|Zika_virus	2016-01-13
KX377336|P6_740|NA|1966_07|Mosquito|Malaysia|Asian|Zika_virus	1966-07
KX280026|Paraiba_01|NA|2015|Human|Brazil|Asian|Zika_virus	2015
MF352141|PE243|NA|2015_05_13|Human|Brazil|Asian|Zika_virus	2015-05-13
KX369547|PF13/251013_18|NA|2013_10_25|Human|French_Polynesia|Asian|Zika_virus	2013-10-25
KY766069|PF13/251013_18|NA|2013_10_25|Human|French_Polynesia|Asian|Zika_virus	2013-10-25
MG827392|PF13/251013_18|NA|2013_10_25|Human|French_Polynesia|Asian|Zika_virus	2013-10-25
KX673530|PHE_semen_Guadeloupe|NA|2016_04_21|Unknown|United_Kingdom|Asian|Zika_virus	2016-04-21
KX377337|PRVABC_59|NA|2015_12|Human|Puerto_Rico|Asian|Zika_virus	2015-12
KU501215|PRVABC59|NA|2015_12_01|Human|Puerto_Rico|NA|Zika_virus	2015-12-01
MH158237|PRVABC59|NA|2015|Human|Puerto_Rico|Asian|Zika_virus	2015
MK713748|PRVABC59|NA|2015_12_01|Human|Puerto_Rico|Asian|Zika_virus	2015-12-01
MH675629|QTX_02|NA|2016_08|Human|Puerto_Rico|Asian|Zika_virus	2016-08
MH675630|QTX_04|NA|2016_09|Human|USA|Asian|Zika_virus	2016-09
KX766028|R114916|NA|2016_06_06|Human|Dominican_Republic|Asian|Zika_virus	2016-06-06
KX766029|R116265|NA|2016_06_23|Human|Mexico|Asian|Zika_virus	2016-06-23
KY272991|RIO_BM1|NA|2016_02_12|Human|Brazil|Asian|Zika_virus	2016-02-12
KU926310|Rio_S1|NA|2016_01_29|Human|Brazil|Asian|Zika_virus	2016-01-29
KU926309|Rio_U1|NA|2016_01_14|Human|Brazil|Asian|Zika_virus	2016-01-14
MF988734|SG_EHI_ZIKV/33164Y17|NA|2017_08|Human|Singapore|Asian|Zika_virus	2017-08
KY272987|SI_BKK01|NA|2016_08_30|Human|Thailand|Asian|Zika_virus	2016-08-30
MF996804|SI_BKK02|NA|2017_08_07|Human|Thailand|Asian|Zika_virus	2017-08-07
MG807646|SI_BKK05|NA|2016_11_11|Human|Thailand|Asian|Zika_virus	2016-11-11
MG807647|SI_BKK06|NA|2017_09_07|Human|Thailand|Asian|Zika_virus	2017-09-07
KX051560|SK364/13AS|NA|2013_07_09|Human|Thailand|Asian|Zika_virus	2013-07-09
KX051561|SK403/13AS|NA|2013_09_21|Human|Thailand|Asian|Zika_virus	2013-09-21
KY348640|SL1602|NA|2016_01_22|Human|Suriname|Asian|Zika_virus	2016-01-22
KU707826|SSABR1|NA|2015_07_01|Human|Brazil|Asian|Zika_virus	2015-07-01
KX051562|SV0010/15|NA|2015_01_16|Human|Thailand|Asian|Zika_virus	2015-01-16
KY967711|SY01_2016|NA|2016_11_01|Human|China|Asian|Zika_virus	2016-11-01
KU963796|SZ_WIV01|NA|2016|Human|China|Asian|Zika_virus	2016
MH055376|SZ_WIV01|NA|2016|Unknown|China|Asian|Zika_virus	2016
KY126351|Thailand/1605aTw|NA|2016_05|Human|Taiwan|Asian|Zika_virus	2016-05
MF692778|Thailand/1610acTw|NA|2016_10|Human|Taiwan|Asian|Zika_virus	2016-10
KX806557|TS17_2016|NA|2016_02|Human|Australia|Asian|Zika_virus	2016-02
KU744693|VE_Ganxian|NA|2016_02_06|Human|China|Asian|Zika_virus	2016-02-06
MN190155|Yunnan/01/2019|NA|2019_07_02|Human|China|Asian|Zika_virus	2019-07-02
KU312312|Z1106033|NA|2015_10_02|Human|Suriname|NA|Zika_virus	2015-10-02
KU955589|Z16006|NA|2016_02_16|Human|China|Asian|Zika_virus	2016-02-16
KU955590|Z16019|NA|2016_02_26|Human|China|Asian|Zika_virus	2016-02-26
KX117076|Zhejiang04|NA|2016_02_17|Human|China|Asian|Zika_virus	2016-02-17
KY014324|Zika_virus/A.aegypti_wt/USA/2016/FL_01_MOS|NA|2016_08_22|Mosquito|USA|Asian|Zika_virus	2016-08-22
KY014323|Zika_virus/A.aegypti_wt/USA/2016/FL_02_MOS|NA|2016_08_23|Mosquito|USA|Asian|Zika_virus	2016-08-23
KY014322|Zika_virus/A.aegypti_wt/USA/2016/FL_03_MOS|NA|2016_08_23|Mosquito|USA|Asian|Zika_virus	2016-08-23
KY014299|Zika_virus/A.aegypti_wt/USA/2016/FL_04_MOS|NA|2016_09_04|Mosquito|USA|Asian|Zika_virus	2016-09-04
KY785422|Zika_virus/A.aegypti_wt/USA/2016/FL_05_MOS|NA|2016_09_09|Mosquito|USA|Asian|Zika_virus	2016-09-09
KY785472|Zika_virus/A.aegypti_wt/USA/2016/FL_06_MOS|NA|2016_09_20|Mosquito|USA|Asian|Zika_virus	2016-09-20
KY785468|Zika_virus/A.aegypti_wt/USA/2016/FL_08_MOS|NA|2016_10_05|Mosquito|USA|Asian|Zika_virus	2016-10-05
KU955591|Zika_virus/A.africanus_tc/SEN/1984/41525_DAK|NA|1984_11_20|Mosquito|Senegal|West_African|Zika_virus	1984-11-20
MK028860|Zika_virus/A.africanus_tc/Senegal/1984/DAK_AR_41524|NA|1984|Mosquito|Senegal|West_African|Zika_virus	1984
KU955592|Zika_virus/A.taylori_tc/SEN/1984/41662_DAK|NA|1984_12_06|Mosquito|Senegal|West_African|Zika_virus	1984-12-06
KU955595|Zika_virus/A.taylori_tc/SEN/1984/41671_DAK|NA|1984_12_14|Mosquito|Senegal|West_African|Zika_virus	1984-12-14
MF510857|Zika_virus/Aedes_taylori/Senegal/1984/DakAr41667|NA|1984_06_12|Mosquito|Senegal|West_African|Zika_virus	1984-06-12
KX185891|Zika_virus/CN/SZ02/2016|NA|2016_02_17|Human|China|Asian|Zika_virus	2016-02-17
KX056898|Zika_virus/GZ02/2016|NA|2016_02_25|Human|China|Asian|Zika_virus	2016-02-25
KU955593|Zika_virus/H.sapiens_tc/KHM/2010/FSS13025|NA|2010|Human|Cambodia|Asian|Zika_virus	2010
MK028858|Zika_virus/H.sapiens_tc/Panama/2015/259249|NA|2015|Human|Panama|Asian|Zika_virus	2015
MK028861|Zika_virus/H.sapiens_tc/Panama/2015/259359|NA|2015|Human|Panama|Asian|Zika_virus	2015
MK028859|Zika_virus/H.sapiens_tc/Panama/2015/259364|NA|2015|Human|Panama|Asian|Zika_virus	2015
KU681082|Zika_virus/H.sapiens_tc/PHL/2012/CPC_0740|NA|2012_05_09|Human|Philippines|Asian|Zika_virus	2012-05-09
MK028857|Zika_virus/H.sapiens_tc/Puerto_Rico/2015/PRVABC59|NA|2015|Human|Puerto_Rico|Asian|Zika_virus	2015
KU681081|Zika_virus/H.sapiens_tc/THA/2014/SV0127__14|NA|2014_07_19|Human|Thailand|Asian|Zika_virus	2014-07-19
KY014308|Zika_virus/H.sapiens_wt/BRA/2016/FC_5905_SER|NA|2016_03_23|Human|Brazil|Asian|Zika_virus	2016-03-23
KY785410|Zika_virus/H.sapiens_wt/BRA/2016/FC_6418_SER|NA|2016_03_27|Human|Brazil|Asian|Zika_virus	2016-03-27
KY014313|Zika_virus/H.sapiens_wt/BRA/2016/FC_6696_SER|NA|2016_04_05|Human|Brazil|Asian|Zika_virus	2016-04-05
KY785439|Zika_virus/H.sapiens_wt/BRA/2016/FC_6703_SER|NA|2016_04_08|Human|Brazil|Asian|Zika_virus	2016-04-08
KY785433|Zika_virus/H.sapiens_wt/BRA/2016/FC_6706_SER|NA|2016_04_08|Human|Brazil|Asian|Zika_virus	2016-04-08
KY785450|Zika_virus/H.sapiens_wt/BRA/2016/FC_6863_SER|NA|2016_04_12|Human|Brazil|Asian|Zika_virus	2016-04-12
KY014297|Zika_virus/H.sapiens_wt/BRA/2016/FC_6864_URI|NA|2016_04_12|Human|Brazil|Asian|Zika_virus	2016-04-12
KY014301|Zika_virus/H.sapiens_wt/BRA/2016/FC_DQ107D1_URI|NA|2016_04_13|Human|Brazil|Asian|Zika_virus	2016-04-13
KY785429|Zika_virus/H.sapiens_wt/BRA/2016/FC_DQ116D1_PLA|NA|2016_04_14|Human|Brazil|Asian|Zika_virus	2016-04-14
KY785456|Zika_virus/H.sapiens_wt/BRA/2016/FC_DQ122D1_PLA|NA|2016_04_15|Human|Brazil|Asian|Zika_virus	2016-04-15
KY014296|Zika_virus/H.sapiens_wt/BRA/2016/FC_DQ131D1_URI|NA|2016_04_18|Human|Brazil|Asian|Zika_virus	2016-04-18
KY014317|Zika_virus/H.sapiens_wt/BRA/2016/FC_DQ28D1_URI|NA|2016_03_21|Human|Brazil|Asian|Zika_virus	2016-03-21
KY014320|Zika_virus/H.sapiens_wt/BRA/2016/FC_DQ42D1_URI|NA|2016_03_23|Human|Brazil|Asian|Zika_virus	2016-03-23
KY014307|Zika_virus/H.sapiens_wt/BRA/2016/FC_DQ49D1_PLA|NA|2016_03_28|Human|Brazil|Asian|Zika_virus	2016-03-28
KY785427|Zika_virus/H.sapiens_wt/BRA/2016/FC_DQ58D1_PLA|NA|2016_03_30|Human|Brazil|Asian|Zika_virus	2016-03-30
KY785437|Zika_virus/H.sapiens_wt/BRA/2016/FC_DQ5D1_URI|NA|2016_03_14|Human|Brazil|Asian|Zika_virus	2016-03-14
KY785479|Zika_virus/H.sapiens_wt/BRA/2016/FC_DQ60D1_URI|NA|2016_03_30|Human|Brazil|Asian|Zika_virus	2016-03-30
KY785455|Zika_virus/H.sapiens_wt/BRA/2016/FC_DQ62D2_URI|NA|2016_04_06|Human|Brazil|Asian|Zika_virus	2016-04-06
KY785426|Zika_virus/H.sapiens_wt/BRA/2016/FC_DQ75D1_URI|NA|2016_04_04|Human|Brazil|Asian|Zika_virus	2016-04-04
MH882527|Zika_virus/H.sapiens_wt/BRA/2016/ZKV17Asem_2016_04_26|NA|2016_04_26|Human|Brazil|Asian|Zika_virus	2016-04-26
MH882528|Zika_virus/H.sapiens_wt/BRA/2016/ZKV17Auri_2016_04_26|NA|2016_04_26|Human|Brazil|Asian|Zika_virus	2016-04-26
MH882529|Zika_virus/H.sapiens_wt/BRA/2016/ZKV17Bsem_2016_05_03|NA|2016_05_03|Human|Brazil|Asian|Zika_virus	2016-05-03
MH882530|Zika_virus/H.sapiens_wt/BRA/2016/ZKV17Csem_2016_05_10|NA|2016_05_10|Human|Brazil|Asian|Zika_virus	2016-05-10
MH882531|Zika_virus/H.sapiens_wt/BRA/2016/ZKV17Dsem_2016_05_17|NA|2016_05_17|Human|Brazil|Asian|Zika_virus	2016-05-17
MH882532|Zika_virus/H.sapiens_wt/BRA/2016/ZKV17Esem_2016_05_24|NA|2016_05_24|Human|Brazil|Asian|Zika_virus	2016-05-24
MH882533|Zika_virus/H.sapiens_wt/BRA/2016/ZKV17Fsem_2016_05_31|NA|2016_06_03|Human|Brazil|Asian|Zika_virus	2016-06-03
MH882534|Zika_virus/H.sapiens_wt/BRA/2016/ZKV17Gsem_2016_06_08|NA|2016_06_08|Human|Brazil|Asian|Zika_virus	2016-06-08
MH882535|Zika_virus/H.sapiens_wt/BRA/2016/ZKV17Hsem_2016_06_16|NA|2016_06_16|Human|Brazil|Asian|Zika_virus	2016-06-16
MH882536|Zika_virus/H.sapiens_wt/BRA/2016/ZKV17Jsem_2016_06_28|NA|2016_06_28|Human|Brazil|Asian|Zika_virus	2016-06-28
MH882538|Zika_virus/H.sapiens_wt/BRA/2016/ZKV17Lsem_2016_07_12|NA|2016_07_12|Human|Brazil|Asian|Zika_virus	2016-07-12
MH882539|Zika_virus/H.sapiens_wt/BRA/2016/ZKV17Msem_2016_07_19|NA|2016_07_19|Human|Brazil|Asian|Zika_virus	2016-07-19
MH882540|Zika_virus/H.sapiens_wt/BRA/2016/ZKV17Nsem_2016_07_27|NA|2016_07_27|Human|Brazil|Asian|Zika_virus	2016-07-27
MH882541|Zika_virus/H.sapiens_wt/BRA/2016/ZKV17sem_2016_04_19|NA|2016_04_19|Human|Brazil|Asian|Zika_virus	2016-04-19
MH882542|Zika_virus/H.sapiens_wt/BRA/2016/ZKV17uri_2016_04_19|NA|2016_04_19|Human|Brazil|Asian|Zika_virus	2016-04-19
MH882543|Zika_virus/H.sapiens_wt/BRA/2016/ZKV19Auri_2016_05_05|NA|2016_05_05|Human|Brazil|Asian|Zika_virus	2016-05-05
MH882544|Zika_virus/H.sapiens_wt/BRA/2016/ZKV19Bsem_2016_05_12|NA|2016_05_12|Human|Brazil|Asian|Zika_virus	2016-05-12
MH882545|Zika_virus/H.sapiens_wt/BRA/2016/ZKV19Csem_2016_05_19|NA|2016_05_19|Human|Brazil|Asian|Zika_virus	2016-05-19
MH882546|Zika_virus/H.sapiens_wt/BRA/2016/ZKV19Dsem_2016_05_24|NA|2016_05_24|Human|Brazil|Asian|Zika_virus	2016-05-24
MH882547|Zika_virus/H.sapiens_wt/BRA/2016/ZKV19Esem_2016_06_02|NA|2016_06_02|Human|Brazil|Asian|Zika_virus	2016-06-02
MH882548|Zika_virus/H.sapiens_wt/BRA/2016/ZKV19Fsem_2016_06_09|NA|2016_06_09|Human|Brazil|Asian|Zika_virus	2016-06-09
KY785417|Zika_virus/H.sapiens_wt/COL/2016/SU_1810A_SER|NA|2016_04_06|Human|Colombia|Asian|Zika_virus	2016-04-06
KY785466|Zika_virus/H.sapiens_wt/COL/2016/SU_1856A_SER|NA|2016_04_28|Human|Colombia|Asian|Zika_virus	2016-04-28
KY785469|Zika_virus/H.sapiens_wt/COL/2016/SU_2724A_SER|NA|2016_04_05|Human|Colombia|Asian|Zika_virus	2016-04-05
KY785463|Zika_virus/H.sapiens_wt/DOM/2016/BB_0071_SER|NA|2016_04_05|Human|Dominican_Republic|Asian|Zika_virus	2016-04-05
KY785449|Zika_virus/H.sapiens_wt/DOM/2016/BB_0071_URI|NA|2016_04_05|Human|Dominican_Republic|Asian|Zika_virus	2016-04-05
KY014305|Zika_virus/H.sapiens_wt/DOM/2016/BB_0076_SER|NA|2016_04_05|Human|Dominican_Republic|Asian|Zika_virus	2016-04-05
KY785423|Zika_virus/H.sapiens_wt/DOM/2016/BB_0076_URI|NA|2016_04_05|Human|Dominican_Republic|Asian|Zika_virus	2016-04-05
KY785465|Zika_virus/H.sapiens_wt/DOM/2016/BB_0085_URI|NA|2016_04_07|Human|Dominican_Republic|Asian|Zika_virus	2016-04-07
KY785475|Zika_virus/H.sapiens_wt/DOM/2016/BB_0091_SER|NA|2016_04_07|Human|Dominican_Republic|Asian|Zika_virus	2016-04-07
KY014321|Zika_virus/H.sapiens_wt/DOM/2016/BB_0115_SER|NA|2016_04_11|Human|Dominican_Republic|Asian|Zika_virus	2016-04-11
KY785415|Zika_virus/H.sapiens_wt/DOM/2016/BB_0115_URI|NA|2016_04_11|Human|Dominican_Republic|Asian|Zika_virus	2016-04-11
KY014303|Zika_virus/H.sapiens_wt/DOM/2016/BB_0127_SER|NA|2016_04_11|Human|Dominican_Republic|Asian|Zika_virus	2016-04-11
KY014304|Zika_virus/H.sapiens_wt/DOM/2016/BB_0180_SER|NA|2016_04_18|Human|Dominican_Republic|Asian|Zika_virus	2016-04-18
KY785476|Zika_virus/H.sapiens_wt/DOM/2016/BB_0180_URI|NA|2016_04_18|Human|Dominican_Republic|Asian|Zika_virus	2016-04-18
KY785420|Zika_virus/H.sapiens_wt/DOM/2016/BB_0183_SER|NA|2016_04_18|Human|Dominican_Republic|Asian|Zika_virus	2016-04-18
KY014300|Zika_virus/H.sapiens_wt/DOM/2016/BB_0208_SER|NA|2016_04_20|Human|Dominican_Republic|Asian|Zika_virus	2016-04-20
KY014302|Zika_virus/H.sapiens_wt/DOM/2016/BB_0216_SER|NA|2016_04_21|Human|Dominican_Republic|Asian|Zika_virus	2016-04-21
KY014318|Zika_virus/H.sapiens_wt/DOM/2016/BB_0269_SER|NA|2016_04_27|Human|Dominican_Republic|Asian|Zika_virus	2016-04-27
KY785441|Zika_virus/H.sapiens_wt/DOM/2016/BB_0433_SER|NA|2016_06_13|Human|Dominican_Republic|Asian|Zika_virus	2016-06-13
KY014314|Zika_virus/H.sapiens_wt/DOM/2016/BB_0436_PLA|NA|2016_06_14|Human|Dominican_Republic|Asian|Zika_virus	2016-06-14
KY785453|Zika_virus/H.sapiens_wt/DOM/2016/MA_WGS16_007_SER|NA|2016_05_10|Human|Dominican_Republic|Asian|Zika_virus	2016-05-10
KY785484|Zika_virus/H.sapiens_wt/DOM/2016/MA_WGS16_011_SER|NA|2016_06_06|Human|Dominican_Republic|Asian|Zika_virus	2016-06-06
KY785470|Zika_virus/H.sapiens_wt/DOM/2016/MA_WGS16_014_SER|NA|2016_06_18|Human|Dominican_Republic|Asian|Zika_virus	2016-06-18
KY785435|Zika_virus/H.sapiens_wt/DOM/2016/MA_WGS16_024_SER|NA|2016_07_07|Human|Dominican_Republic|Asian|Zika_virus	2016-07-07
KY785447|Zika_virus/H.sapiens_wt/DOM/2016/MA_WGS16_036_SER|NA|2016_09_22|Human|Dominican_Republic|Asian|Zika_virus	2016-09-22
KY785413|Zika_virus/H.sapiens_wt/DOM/2016/MA_WGS16_040_SER|NA|2016_10_06|Human|Dominican_Republic|Asian|Zika_virus	2016-10-06
KY785414|Zika_virus/H.sapiens_wt/HND/2016/HU_ME131_PLA|NA|2016_05_28|Human|Honduras|Asian|Zika_virus	2016-05-28
KY785461|Zika_virus/H.sapiens_wt/HND/2016/HU_ME136_PLA|NA|2016_05_31|Human|Honduras|Asian|Zika_virus	2016-05-31
KY785444|Zika_virus/H.sapiens_wt/HND/2016/HU_ME137_PLA|NA|2016_05_31|Human|Honduras|Asian|Zika_virus	2016-05-31
KY785442|Zika_virus/H.sapiens_wt/HND/2016/HU_ME147_SER|NA|2016_06_04|Human|Honduras|Asian|Zika_virus	2016-06-04
KY014315|Zika_virus/H.sapiens_wt/HND/2016/HU_ME152_SER|NA|2016_06_06|Human|Honduras|Asian|Zika_virus	2016-06-06
KY785452|Zika_virus/H.sapiens_wt/HND/2016/HU_ME156_SER|NA|2016_06_07|Human|Honduras|Asian|Zika_virus	2016-06-07
KY014327|Zika_virus/H.sapiens_wt/HND/2016/HU_ME167_PLA|NA|2016_06_09|Human|Honduras|Asian|Zika_virus	2016-06-09
KY785448|Zika_virus/H.sapiens_wt/HND/2016/HU_ME171_PLA|NA|2016_06_10|Human|Honduras|Asian|Zika_virus	2016-06-10
KY014306|Zika_virus/H.sapiens_wt/HND/2016/HU_ME178_PLA|NA|2016_06_10|Human|Honduras|Asian|Zika_virus	2016-06-10
KY014319|Zika_virus/H.sapiens_wt/HND/2016/HU_ME38_PLA|NA|2016_04_30|Human|Honduras|Asian|Zika_virus	2016-04-30
KY014310|Zika_virus/H.sapiens_wt/HND/2016/HU_ME42_SER|NA|2016_05_09|Human|Honduras|Asian|Zika_virus	2016-05-09
KY014312|Zika_virus/H.sapiens_wt/HND/2016/HU_ME58_PLA|NA|2016_05_13|Human|Honduras|Asian|Zika_virus	2016-05-13
KY785418|Zika_virus/H.sapiens_wt/HND/2016/HU_ME59_PLA|NA|2016_05_13|Human|Honduras|Asian|Zika_virus	2016-05-13
KY785424|Zika_virus/H.sapiens_wt/JAM/2016/MA_WGS16_025_SER|NA|2016_07_10|Human|Jamaica|Asian|Zika_virus	2016-07-10
KY785430|Zika_virus/H.sapiens_wt/JAM/2016/MA_WGS16_039_SER|NA|2016_09_28|Human|Jamaica|Asian|Zika_virus	2016-09-28
KY785432|Zika_virus/H.sapiens_wt/JAM/2016/MA_WGS16_041_SER|NA|2016_10_12|Human|Jamaica|Asian|Zika_virus	2016-10-12
KY785419|Zika_virus/H.sapiens_wt/JAM/2016/WI_JM6_SER|NA|2016_06_13|Human|Jamaica|Asian|Zika_virus	2016-06-13
KY785451|Zika_virus/H.sapiens_wt/MTQ/2016/FL_001_SAL|NA|2016_03_22|Human|Martinique|Asian|Zika_virus	2016-03-22
KY785464|Zika_virus/H.sapiens_wt/PRI/2016/MA_WGS16_004_SER|NA|2016_04_13|Human|Puerto_Rico|Asian|Zika_virus	2016-04-13
KY785462|Zika_virus/H.sapiens_wt/PRI/2016/MA_WGS16_016_SER|NA|2016_06_26|Human|Puerto_Rico|Asian|Zika_virus	2016-06-26
KY014295|Zika_virus/H.sapiens_wt/USA/2016/FL_010_URI|NA|2016_06_22|Human|USA|Asian|Zika_virus	2016-06-22
KY785445|Zika_virus/H.sapiens_wt/USA/2016/FL_021_URI|NA|2016_07_19|Human|USA|Asian|Zika_virus	2016-07-19
KY785412|Zika_virus/H.sapiens_wt/USA/2016/FL_022_URI|NA|2016_07_22|Human|USA|Asian|Zika_virus	2016-07-22
KY785457|Zika_virus/H.sapiens_wt/USA/2016/FL_029_URI|NA|2016_08_01|Human|USA|Asian|Zika_virus	2016-08-01
KY014325|Zika_virus/H.sapiens_wt/USA/2016/FL_030_URI|NA|2016_08_02|Human|USA|Asian|Zika_virus	2016-08-02
KY014298|Zika_virus/H.sapiens_wt/USA/2016/FL_032_URI|NA|2016_08_05|Human|USA|Asian|Zika_virus	2016-08-05
KY785474|Zika_virus/H.sapiens_wt/USA/2016/FL_036_SER|NA|2016_08_04|Human|USA|Asian|Zika_virus	2016-08-04
KY014326|Zika_virus/H.sapiens_wt/USA/2016/FL_038_URI|NA|2016_08_05|Human|USA|Asian|Zika_virus	2016-08-05
KY014316|Zika_virus/H.sapiens_wt/USA/2016/FL_039_URI|NA|2016_08_17|Human|USA|Asian|Zika_virus	2016-08-17
KY325464|Zika_virus/H.sapiens_wt/USA/2016/FLSR036|NA|2016_09_19|Human|USA|Asian|Zika_virus	2016-09-19
KY325465|Zika_virus/H.sapiens_wt/USA/2016/FLSR043|NA|2016_09_28|Human|USA|Asian|Zika_virus	2016-09-28
KY325480|Zika_virus/H.sapiens_wt/USA/2016/FLUR001|NA|2016_07_28|Human|USA|Asian|Zika_virus	2016-07-28
KY325466|Zika_virus/H.sapiens_wt/USA/2016/FLUR002|NA|2016_07_28|Human|USA|Asian|Zika_virus	2016-07-28
KY325481|Zika_virus/H.sapiens_wt/USA/2016/FLUR005|NA|2016_07_29|Human|USA|Asian|Zika_virus	2016-07-29
KY325467|Zika_virus/H.sapiens_wt/USA/2016/FLUR006|NA|2016_07_29|Human|USA|Asian|Zika_virus	2016-07-29
KY325468|Zika_virus/H.sapiens_wt/USA/2016/FLUR007|NA|2016_08_04|Human|USA|Asian|Zika_virus	2016-08-04
KY325469|Zika_virus/H.sapiens_wt/USA/2016/FLUR008|NA|2016_08_04|Human|USA|Asian|Zika_virus	2016-08-04
KY325471|Zika_virus/H.sapiens_wt/USA/2016/FLUR011|NA|2016_08_08|Human|USA|Asian|Zika_virus	2016-08-08
KY325472|Zika_virus/H.sapiens_wt/USA/2016/FLUR013|NA|2016_08_23|Human|USA|Asian|Zika_virus	2016-08-23
KY325482|Zika_virus/H.sapiens_wt/USA/2016/FLUR014|NA|2016_08_24|Human|USA|Asian|Zika_virus	2016-08-24
KY325483|Zika_virus/H.sapiens_wt/USA/2016/FLUR015|NA|2016_08_24|Human|USA|Asian|Zika_virus	2016-08-24
KY325473|Zika_virus/H.sapiens_wt/USA/2016/FLUR022|NA|2016_08_31|Human|USA|Asian|Zika_virus	2016-08-31
KY325476|Zika_virus/H.sapiens_wt/USA/2016/FLUR058|NA|2016_10_11|Human|USA|Asian|Zika_virus	2016-10-11
KY325477|Zika_virus/H.sapiens_wt/USA/2016/FLUR063|NA|2016_10_03|Human|USA|Asian|Zika_virus	2016-10-03
KY325479|Zika_virus/H.sapiens_wt/USA/2016/FLWB044|NA|2016_09_28|Human|USA|Asian|Zika_virus	2016-09-28
KY785459|Zika_virus/H.sapiens_wt/USA/2016/MA_WGS16_034_SER|NA|2016_08_15|Human|USA|Asian|Zika_virus	2016-08-15
KX247646|Zika_virus/Homo_sapiens/COL/UF_1/2016|NA|2016_02_09|Human|Colombia|Asian|Zika_virus	2016-02-09
MF438286|Zika_virus/Homo_sapiens/Cuba_2017|NA|2017_02_12|Human|Cuba|Asian|Zika_virus	2017-02-12
KX702400|Zika_virus/Homo_sapiens/VEN/UF_1/2016|NA|2016_03_25|Human|Venezuela|Asian|Zika_virus	2016-03-25
KX893855|Zika_virus/Homo_sapiens/VEN/UF_2/2016|NA|2016_03_25|Human|Venezuela|Asian|Zika_virus	2016-03-25
MF036115|Zika_virus/Homo_sapiens/ZIKV_CCMU01/2016|NA|2016_11_02|Human|China|Asian|Zika_virus	2016-11-02
KU955594|Zika_virus/M.mulatta_tc/UGA/1947/MR_766|NA|1947_04|Monkey|Uganda|East_African|Zika_virus	1947-04
MF783072|Zika_virus/mosquito/Haiti/1855/2016|NA|2016_06_27|Mosquito|Haiti|Asian|Zika_virus	2016-06-27
MF783073|Zika_virus/mosquito/Haiti/1919/2016|NA|2016_05_10|Mosquito|Haiti|Asian|Zika_virus	2016-05-10
KU866423|Zika_virus/SZ01/2016/China|NA|2016|Human|China|Asian|Zika_virus	2016
KY120353|Zika/Boracay/16423|NA|2016_04_28|Human|Philippines|Asian|Zika_virus	2016-04-28
KY120352|Zika/Brazil/16321|NA|2016_03_22|Human|Brazil|Asian|Zika_virus	2016-03-22
KU321639|ZikaSPH2015|NA|2015_03|Human|Brazil|Asian|Zika_virus	2015-03
KX830930|ZIKV_GB_BR|NA|2016_03_01|Human|Brazil|Asian|Zika_virus	2016-03-01
MN577550|ZIKV_Nicaragua/2016_UCB7420|NA|2016_01_19|Human|Nicaragua|Asian|Zika_virus	2016-01-19
KY241671|ZIKV_SG_001|NA|2016_09_04|Human|Singapore|Asian|Zika_virus	2016-09-04
KY241673|ZIKV_SG_003|NA|2016_09_04|Human|Singapore|Asian|Zika_virus	2016-09-04
KY241674|ZIKV_SG_004|NA|2016_09_05|Human|Singapore|Asian|Zika_virus	2016-09-05
KY241675|ZIKV_SG_005|NA|2016_09_06|Human|Singapore|Asian|Zika_virus	2016-09-06
KY241676|ZIKV_SG_006|NA|2016_09_06|Human|Singapore|Asian|Zika_virus	2016-09-06
KY241677|ZIKV_SG_007|NA|2016_09_07|Human|Singapore|Asian|Zika_virus	2016-09-07
KY241678|ZIKV_SG_008|NA|2016_09_07|Human|Singapore|Asian|Zika_virus	2016-09-07
KY241679|ZIKV_SG_009|NA|2016_09_07|Human|Singapore|Asian|Zika_virus	2016-09-07
KY241680|ZIKV_SG_010|NA|2016_09_07|Human|Singapore|Asian|Zika_virus	2016-09-07
KY241681|ZIKV_SG_011|NA|2016_09_08|Human|Singapore|Asian|Zika_virus	2016-09-08
KY241682|ZIKV_SG_012|NA|2016_09_08|Human|Singapore|Asian|Zika_virus	2016-09-08
KY241683|ZIKV_SG_013|NA|2016_09_08|Human|Singapore|Asian|Zika_virus	2016-09-08
KY241684|ZIKV_SG_014|NA|2016_09_08|Human|Singapore|Asian|Zika_virus	2016-09-08
KY241685|ZIKV_SG_015|NA|2016_09_12|Human|Singapore|Asian|Zika_virus	2016-09-12
KY241686|ZIKV_SG_016|NA|2016_09_12|Human|Singapore|Asian|Zika_virus	2016-09-12
KY241687|ZIKV_SG_017|NA|2016_09_13|Human|Singapore|Asian|Zika_virus	2016-09-13
KY241688|ZIKV_SG_018|NA|2016_09_13|Human|Singapore|Asian|Zika_virus	2016-09-13
KY241689|ZIKV_SG_019|NA|2016_09_13|Human|Singapore|Asian|Zika_virus	2016-09-13
KY241690|ZIKV_SG_020|NA|2016_09_13|Human|Singapore|Asian|Zika_virus	2016-09-13
KY241691|ZIKV_SG_021|NA|2016_09_13|Human|Singapore|Asian|Zika_virus	2016-09-13
KY241692|ZIKV_SG_022|NA|2016_09_14|Human|Singapore|Asian|Zika_virus	2016-09-14
KY241693|ZIKV_SG_023|NA|2016_09_15|Human|Singapore|Asian|Zika_virus	2016-09-15
KY241694|ZIKV_SG_024|NA|2016_09_19|Human|Singapore|Asian|Zika_virus	2016-09-19
KY241695|ZIKV_SG_025|NA|2016_09_20|Human|Singapore|Asian|Zika_virus	2016-09-20
KY241696|ZIKV_SG_026|NA|2016_08_30|Human|Singapore|Asian|Zika_virus	2016-08-30
KY241697|ZIKV_SG_027|NA|2016_08_27|Human|Singapore|Asian|Zika_virus	2016-08-27
KY241698|ZIKV_SG_028|NA|2016_08_26|Human|Singapore|Asian|Zika_virus	2016-08-26
KY241699|ZIKV_SG_029|NA|2016_08_30|Human|Singapore|Asian|Zika_virus	2016-08-30
KY241700|ZIKV_SG_030|NA|2016_08_27|Human|Singapore|Asian|Zika_virus	2016-08-27
KY241701|ZIKV_SG_031|NA|2016_08_27|Human|Singapore|Asian|Zika_virus	2016-08-27
KY241702|ZIKV_SG_032|NA|2016_08_27|Human|Singapore|Asian|Zika_virus	2016-08-27
KY241703|ZIKV_SG_033|NA|2016_08_29|Human|Singapore|Asian|Zika_virus	2016-08-29
KY241704|ZIKV_SG_034|NA|2016_08_27|Human|Singapore|Asian|Zika_virus	2016-08-27
KY241705|ZIKV_SG_035|NA|2016_08_30|Human|Singapore|Asian|Zika_virus	2016-08-30
KY241706|ZIKV_SG_036|NA|2016_08_28|Human|Singapore|Asian|Zika_virus	2016-08-28
KY241707|ZIKV_SG_037|NA|2016_08_28|Human|Singapore|Asian|Zika_virus	2016-08-28
KY241708|ZIKV_SG_038|NA|2016_08_28|Human|Singapore|Asian|Zika_virus	2016-08-28
KY241709|ZIKV_SG_039|NA|2016_08_28|Human|Singapore|Asian|Zika_virus	2016-08-28
KY241710|ZIKV_SG_040|NA|2016_08_27|Human|Singapore|Asian|Zika_virus	2016-08-27
KY241711|ZIKV_SG_041|NA|2016_08_29|Human|Singapore|Asian|Zika_virus	2016-08-29
KY241712|ZIKV_SG_042|NA|2016_08_30|Human|Singapore|Asian|Zika_virus	2016-08-30
KY241713|ZIKV_SG_043|NA|2016_08_28|Human|Singapore|Asian|Zika_virus	2016-08-28
KY241714|ZIKV_SG_044|NA|2016_08_28|Human|Singapore|Asian|Zika_virus	2016-08-28
KY241715|ZIKV_SG_045|NA|2016_08_28|Human|Singapore|Asian|Zika_virus	2016-08-28
KY241716|ZIKV_SG_046|NA|2016_08_28|Human|Singapore|Asian|Zika_virus	2016-08-28
KY241717|ZIKV_SG_047|NA|2016_08_29|Human|Singapore|Asian|Zika_virus	2016-08-29
KY241718|ZIKV_SG_048|NA|2016_08_29|Human|Singapore|Asian|Zika_virus	2016-08-29
KY241719|ZIKV_SG_049|NA|2016_08_29|Human|Singapore|Asian|Zika_virus	2016-08-29
KY241720|ZIKV_SG_050|NA|2016_08_29|Human|Singapore|Asian|Zika_virus	2016-08-29
KY241721|ZIKV_SG_051|NA|2016_08_28|Human|Singapore|Asian|Zika_virus	2016-08-28
KY241722|ZIKV_SG_052|NA|2016_08_28|Human|Singapore|Asian|Zika_virus	2016-08-28
KY241723|ZIKV_SG_053|NA|2016_08_27|Human|Singapore|Asian|Zika_virus	2016-08-27
KY241724|ZIKV_SG_054|NA|2016_08_28|Human|Singapore|Asian|Zika_virus	2016-08-28
KY241725|ZIKV_SG_055|NA|2016_08_26|Human|Singapore|Asian|Zika_virus	2016-08-26
KY241726|ZIKV_SG_056|NA|2016_08_28|Human|Singapore|Asian|Zika_virus	2016-08-28
KY241727|ZIKV_SG_057|NA|2016_08_28|Human|Singapore|Asian|Zika_virus	2016-08-28
KY241728|ZIKV_SG_058|NA|2016_08_29|Human|Singapore|Asian|Zika_virus	2016-08-29
KY241729|ZIKV_SG_059|NA|2016_08_29|Human|Singapore|Asian|Zika_virus	2016-08-29
KY241730|ZIKV_SG_060|NA|2016_08_27|Human|Singapore|Asian|Zika_virus	2016-08-27
KY241731|ZIKV_SG_061|NA|2016_08_30|Human|Singapore|Asian|Zika_virus	2016-08-30
KY241732|ZIKV_SG_062|NA|2016_08_27|Human|Singapore|Asian|Zika_virus	2016-08-27
KY241733|ZIKV_SG_063|NA|2016_08_28|Human|Singapore|Asian|Zika_virus	2016-08-28
KY241734|ZIKV_SG_064|NA|2016_08_28|Human|Singapore|Asian|Zika_virus	2016-08-28
KY241735|ZIKV_SG_065|NA|2016_08_27|Human|Singapore|Asian|Zika_virus	2016-08-27
KY241736|ZIKV_SG_066|NA|2016_08_29|Human|Singapore|Asian|Zika_virus	2016-08-29
KY241737|ZIKV_SG_067|NA|2016_08_28|Human|Singapore|Asian|Zika_virus	2016-08-28
KY241738|ZIKV_SG_068|NA|2016_08_30|Human|Singapore|Asian|Zika_virus	2016-08-30
KY241739|ZIKV_SG_069|NA|2016_08_28|Human|Singapore|Asian|Zika_virus	2016-08-28
KY241740|ZIKV_SG_070|NA|2016_08_29|Human|Singapore|Asian|Zika_virus	2016-08-29
KY241741|ZIKV_SG_071|NA|2016_08_28|Human|Singapore|Asian|Zika_virus	2016-08-28
KY241742|ZIKV_SG_072|NA|2016_08_28|Human|Singapore|Asian|Zika_virus	2016-08-28
KY241743|ZIKV_SG_073|NA|2016_08_26|Human|Singapore|Asian|Zika_virus	2016-08-26
KY241744|ZIKV_SG_074|NA|2016_08_28|Human|Singapore|Asian|Zika_virus	2016-08-28
KY241745|ZIKV_SG_075|NA|2016_08_30|Human|Singapore|Asian|Zika_virus	2016-08-30
KY241746|ZIKV_SG_076|NA|2016_08_28|Human|Singapore|Asian|Zika_virus	2016-08-28
KY241747|ZIKV_SG_077|NA|2016_08_28|Human|Singapore|Asian|Zika_virus	2016-08-28
KY241748|ZIKV_SG_078|NA|2016_08_28|Human|Singapore|Asian|Zika_virus	2016-08-28
KY241749|ZIKV_SG_079|NA|2016_08_28|Human|Singapore|Asian|Zika_virus	2016-08-28
KY241750|ZIKV_SG_080|NA|2016_08_28|Human|Singapore|Asian|Zika_virus	2016-08-28
KY241751|ZIKV_SG_081|NA|2016_08_28|Human|Singapore|Asian|Zika_virus	2016-08-28
KY241752|ZIKV_SG_082|NA|2016_08_28|Human|Singapore|Asian|Zika_virus	2016-08-28
KY241753|ZIKV_SG_083|NA|2016_08_26|Human|Singapore|Asian|Zika_virus	2016-08-26
KY241754|ZIKV_SG_084|NA|2016_09_07|Human|Singapore|Asian|Zika_virus	2016-09-07
KY241755|ZIKV_SG_085|NA|2016_08_31|Human|Singapore|Asian|Zika_virus	2016-08-31
KY241756|ZIKV_SG_086|NA|2016_09_05|Human|Singapore|Asian|Zika_virus	2016-09-05
KY241757|ZIKV_SG_087|NA|2016_09_12|Human|Singapore|Asian|Zika_virus	2016-09-12
KY241758|ZIKV_SG_088|NA|2016_08_30|Human|Singapore|Asian|Zika_virus	2016-08-30
KY241759|ZIKV_SG_089|NA|2016_09_02|Human|Singapore|Asian|Zika_virus	2016-09-02
KY241760|ZIKV_SG_090|NA|2016_09_13|Human|Singapore|Asian|Zika_virus	2016-09-13
KY241761|ZIKV_SG_091|NA|2016_09_03|Human|Singapore|Asian|Zika_virus	2016-09-03
KY241762|ZIKV_SG_092|NA|2016_08_30|Human|Singapore|Asian|Zika_virus	2016-08-30
KY241763|ZIKV_SG_093|NA|2016_09_02|Human|Singapore|Asian|Zika_virus	2016-09-02
KY241764|ZIKV_SG_094|NA|2016_08_31|Human|Singapore|Asian|Zika_virus	2016-08-31
KY241765|ZIKV_SG_095|NA|2016_08_30|Human|Singapore|Asian|Zika_virus	2016-08-30
KY241766|ZIKV_SG_096|NA|2016_09_15|Human|Singapore|Asian|Zika_virus	2016-09-15
KY241767|ZIKV_SG_097|NA|2016_09_07|Human|Singapore|Asian|Zika_virus	2016-09-07
KY241768|ZIKV_SG_098|NA|2016_08_31|Human|Singapore|Asian|Zika_virus	2016-08-31
KY241769|ZIKV_SG_099|NA|2016_09_10|Human|Singapore|Asian|Zika_virus	2016-09-10
KY241770|ZIKV_SG_100|NA|2016_08_30|Human|Singapore|Asian|Zika_virus	2016-08-30
KY241771|ZIKV_SG_101|NA|2016_09_02|Human|Singapore|Asian|Zika_virus	2016-09-02
KY241772|ZIKV_SG_102|NA|2016_08_30|Human|Singapore|Asian|Zika_virus	2016-08-30
KY241773|ZIKV_SG_103|NA|2016_09_07|Human|Singapore|Asian|Zika_virus	2016-09-07
KY241774|ZIKV_SG_104|NA|2016_09_05|Mosquito|Singapore|Asian|Zika_virus	2016-09-05
KY241775|ZIKV_SG_105|NA|2016_09_05|Mosquito|Singapore|Asian|Zika_virus	2016-09-05
KY241776|ZIKV_SG_106|NA|2016_09_05|Mosquito|Singapore|Asian|Zika_virus	2016-09-05
KY241777|ZIKV_SG_107|NA|2016_09_06|Mosquito|Singapore|Asian|Zika_virus	2016-09-06
KY241778|ZIKV_SG_108|NA|2016_09_06|Mosquito|Singapore|Asian|Zika_virus	2016-09-06
KY241779|ZIKV_SG_109|NA|2016_09_06|Mosquito|Singapore|Asian|Zika_virus	2016-09-06
KY241780|ZIKV_SG_110|NA|2016_09_06|Mosquito|Singapore|Asian|Zika_virus	2016-09-06
KY241781|ZIKV_SG_111|NA|2016_09_06|Mosquito|Singapore|Asian|Zika_virus	2016-09-06
KY241782|ZIKV_SG_112|NA|2016_09_07|Mosquito|Singapore|Asian|Zika_virus	2016-09-07
KY241783|ZIKV_SG_113|NA|2016_09_07|Mosquito|Singapore|Asian|Zika_virus	2016-09-07
KY241784|ZIKV_SG_114|NA|2016_09_08|Mosquito|Singapore|Asian|Zika_virus	2016-09-08
KY241785|ZIKV_SG_115|NA|2016_09_05|Mosquito|Singapore|Asian|Zika_virus	2016-09-05
KY241786|ZIKV_SG_116|NA|2016_09_06|Mosquito|Singapore|Asian|Zika_virus	2016-09-06
KY241787|ZIKV_SG_117|NA|2016_09_07|Mosquito|Singapore|Asian|Zika_virus	2016-09-07
KY241788|ZIKV_SG_118|NA|2016_05_13|Human|Singapore|Asian|Zika_virus	2016-05-13
KY003153|ZIKV/34997/Pavia/2016|NA|2016_04|Human|Italy|Asian|Zika_virus	2016-04
KY648934|ZIKV/Aedes_aegypti/MEX/MEX_I_44/2016|NA|2016|Mosquito|Mexico|Asian|Zika_virus	2016
KX694533|ZIKV/Aedes_aegypti/MYS/P6_740/1966|NA|1966_07_14|Mosquito|Malaysia|Asian|Zika_virus	1966-07-14
KX198134|ZIKV/Aedes_africanus/SEN/DAK_AR_41524_A1C1_V2/1984|NA|1984_11_17|Mosquito|Senegal|West_African|Zika_virus	1984-11-17
KY348860|ZIKV/Aedes_africanus/SEN/DAK_AR_41524_A1C1_V5/1984|NA|1984_11_17|Mosquito|Senegal|West_African|Zika_virus	1984-11-17
KX601166|ZIKV/Aedes_africanus/SEN/DakAr41524/1984|NA|1984_11_17|Mosquito|Senegal|West_African|Zika_virus	1984-11-17
KX856011|ZIKV/Aedes_sp./MEX_I_44/2016|NA|2016_01_01|Mosquito|Mexico|Asian|Zika_virus	2016-01-01
KX601167|ZIKV/Aedes_sp./MYS/P6_740/1966|NA|1966_07_14|Mosquito|Malaysia|Asian|Zika_virus	1966-07-14
KX446950|ZIKV/Aedes.sp/MEX/MEX_2_81/2016|NA|2016_01_01|Mosquito|Mexico|Asian|Zika_virus	2016-01-01
KX446951|ZIKV/Aedes.sp/MEX/MEX_I_7/2016|NA|2016_01_01|Mosquito|Mexico|Asian|Zika_virus	2016-01-01
KX838904|ZIKV/Aedes_aegypti/USA/2016/FL01M|NA|2016_08_22|Mosquito|USA|Asian|Zika_virus	2016-08-22
KX838905|ZIKV/Aedes_aegypti/USA/2016/FL02M|NA|2016_08_23|Mosquito|USA|Asian|Zika_virus	2016-08-23
KX838906|ZIKV/Aedes_aegypti/USA/2016/FL03M|NA|2016_08_23|Mosquito|USA|Asian|Zika_virus	2016-08-23
KX922708|ZIKV/Aedes_aegypti/USA/2016/FL04M|NA|2016_09_04|Mosquito|USA|Asian|Zika_virus	2016-09-04
KY075937|ZIKV/Aedes_aegypti/USA/2016/FL05M|NA|2016_09_09|Mosquito|USA|Asian|Zika_virus	2016-09-09
KY075938|ZIKV/Aedes_aegypti/USA/2016/FL06M|NA|2016_09_20|Mosquito|USA|Asian|Zika_virus	2016-09-20
KY075939|ZIKV/Aedes_aegypti/USA/2016/FL08M|NA|2016_10_05|Mosquito|USA|Asian|Zika_virus	2016-10-05
KX548902|ZIKV/COL/FCC00093/2015|NA|2015_10_07|Human|Colombia|Asian|Zika_virus	2015-10-07
KX879603|ZIKV/EC/Esmeraldas/062/2016|NA|2016_04|Human|Ecuador|Asian|Zika_virus	2016-04
KX879604|ZIKV/EC/Esmeraldas/089/2016|NA|2016_04|Human|Ecuador|Asian|Zika_virus	2016-04
MF794971|ZIKV/EC/Esmeraldas/121/2016|NA|2016_05_01|Human|Ecuador|Asian|Zika_virus	2016-05-01
KX197192|ZIKV/H.sapiens/Brazil/PE243/2015|NA|2015|Human|Brazil|Asian|Zika_virus	2015
KX087102|ZIKV/Homo_sapiens/COL/FLR/2015|NA|2015_12|Human|Colombia|Asian|Zika_virus	2015-12
MF574552|ZIKV/Homo_sapiens/COL/FLR_00001/2015|NA|2015_12|Human|Colombia|Asian|Zika_virus	2015-12
MF574559|ZIKV/Homo_sapiens/COL/FLR_00002/2015|NA|2015_12|Human|Colombia|Asian|Zika_virus	2015-12
MF574560|ZIKV/Homo_sapiens/COL/FLR_00003/2015|NA|2015_12|Human|Colombia|Asian|Zika_virus	2015-12
MF574561|ZIKV/Homo_sapiens/COL/FLR_00004/2015|NA|2015_12|Human|Colombia|Asian|Zika_virus	2015-12
MF574571|ZIKV/Homo_sapiens/COL/FLR_00005/2015|NA|2015_12|Human|Colombia|Asian|Zika_virus	2015-12
MF574555|ZIKV/Homo_sapiens/COL/FLR_00006/2015|NA|2015_12|Human|Colombia|Asian|Zika_virus	2015-12
MF574557|ZIKV/Homo_sapiens/COL/FLR_00007/2015|NA|2015_12|Human|Colombia|Asian|Zika_virus	2015-12
MF574562|ZIKV/Homo_sapiens/COL/FLR_00008/2015|NA|2015_12|Human|Colombia|Asian|Zika_virus	2015-12
MF574572|ZIKV/Homo_sapiens/COL/FLR_00009/2015|NA|2015_12|Human|Colombia|Asian|Zika_virus	2015-12
MF574570|ZIKV/Homo_sapiens/COL/FLR_00010/2015|NA|2015_12|Human|Colombia|Asian|Zika_virus	2015-12
MF574565|ZIKV/Homo_sapiens/COL/FLR_00011/2015|NA|2015_12|Human|Colombia|Asian|Zika_virus	2015-12
MF574568|ZIKV/Homo_sapiens/COL/FLR_00012/2015|NA|2015_12|Human|Colombia|Asian|Zika_virus	2015-12
MF574558|ZIKV/Homo_sapiens/COL/FLR_00013/2015|NA|2015_12|Human|Colombia|Asian|Zika_virus	2015-12
MF574576|ZIKV/Homo_sapiens/COL/FLR_00014/2015|NA|2015_12|Human|Colombia|Asian|Zika_virus	2015-12
MF574567|ZIKV/Homo_sapiens/COL/FLR_00015/2015|NA|2015_12|Human|Colombia|Asian|Zika_virus	2015-12
MF574575|ZIKV/Homo_sapiens/COL/FLR_00016/2015|NA|2015_12|Human|Colombia|Asian|Zika_virus	2015-12
MF574553|ZIKV/Homo_sapiens/COL/FLR_00017/2015|NA|2015_12|Human|Colombia|Asian|Zika_virus	2015-12
MF574573|ZIKV/Homo_sapiens/COL/FLR_00018/2015|NA|2015_12|Human|Colombia|Asian|Zika_virus	2015-12
MF574574|ZIKV/Homo_sapiens/COL/FLR_00019/2015|NA|2015_12|Human|Colombia|Asian|Zika_virus	2015-12
MF574577|ZIKV/Homo_sapiens/COL/FLR_00020/2015|NA|2015_12|Human|Colombia|Asian|Zika_virus	2015-12
MF574556|ZIKV/Homo_sapiens/COL/FLR_00021/2015|NA|2015_12|Human|Colombia|Asian|Zika_virus	2015-12
MF574554|ZIKV/Homo_sapiens/COL/FLR_00022/2015|NA|2015_12|Human|Colombia|Asian|Zika_virus	2015-12
MF574566|ZIKV/Homo_sapiens/COL/FLR_00023/2015|NA|2015_12|Human|Colombia|Asian|Zika_virus	2015-12
MF574569|ZIKV/Homo_sapiens/COL/FLR_00024/2015|NA|2015_12|Human|Colombia|Asian|Zika_virus	2015-12
MF574563|ZIKV/Homo_sapiens/COL/FLR_00025/2015|NA|2015_12|Human|Colombia|Asian|Zika_virus	2015-12
MF574564|ZIKV/Homo_sapiens/COL/FLR_00026/2015|NA|2015_12|Human|Colombia|Asian|Zika_virus	2015-12
MF574581|ZIKV/Homo_sapiens/COL/FLR_00034/2015|NA|2016_12|Human|Colombia|Asian|Zika_virus	2016-12
MF574588|ZIKV/Homo_sapiens/COL/FLR_00035/2015|NA|2016_12|Human|Colombia|Asian|Zika_virus	2016-12
MF574582|ZIKV/Homo_sapiens/COL/FLR_00036/2015|NA|2016_12|Human|Colombia|Asian|Zika_virus	2016-12
MF574586|ZIKV/Homo_sapiens/COL/FLR_00038/2015|NA|2016_12|Human|Colombia|Asian|Zika_virus	2016-12
MF574584|ZIKV/Homo_sapiens/COL/FLR_00040/2015|NA|2016_12|Human|Colombia|Asian|Zika_virus	2016-12
MF574583|ZIKV/Homo_sapiens/COL/FLR_00041/2015|NA|2016_12|Human|Colombia|Asian|Zika_virus	2016-12
MF574580|ZIKV/Homo_sapiens/COL/FLR_00042/2015|NA|2016_12|Human|Colombia|Asian|Zika_virus	2016-12
MF574585|ZIKV/Homo_sapiens/COL/PAN_00029/2015|NA|2016_12|Human|Colombia|Asian|Zika_virus	2016-12
MF574587|ZIKV/Homo_sapiens/COL/PAN_00030/2015|NA|2016_12|Human|Colombia|Asian|Zika_virus	2016-12
MF574579|ZIKV/Homo_sapiens/COL/PRV_00027/2015|NA|2016_12|Human|Colombia|Asian|Zika_virus	2016-12
MF574578|ZIKV/Homo_sapiens/COL/PRV_00028/2015|NA|2016_12|Human|Colombia|Asian|Zika_virus	2016-12
MF801378|ZIKV/Homo_sapiens/GTM/2016/Guatemala_3921|NA|2016_07_21|Human|Guatemala|Asian|Zika_virus	2016-07-21
MK713750|ZIKV/Homo_sapiens/HND/00002/2016|NA|2016_05_26|Human|Honduras|Asian|Zika_virus	2016-05-26
MF801384|ZIKV/Homo_sapiens/HND/2016/Honduras_1031|NA|2016_02_03|Human|Honduras|Asian|Zika_virus	2016-02-03
MF801387|ZIKV/Homo_sapiens/HND/2016/Honduras_1122|NA|2016_03_29|Human|Honduras|Asian|Zika_virus	2016-03-29
MF801389|ZIKV/Homo_sapiens/HND/2016/Honduras_1162|NA|2016_05_10|Human|Honduras|Asian|Zika_virus	2016-05-10
MF801381|ZIKV/Homo_sapiens/HND/2016/Honduras_24|NA|2016|Human|Honduras|Asian|Zika_virus	2016
KX694534|ZIKV/Homo_sapiens/HND/R103451/2015|NA|2015_01_06|Human|Honduras|Asian|Zika_virus	2015-01-06
MF801395|ZIKV/Homo_sapiens/MEX/2016/mex05|NA|2016_05_09|Human|Mexico|Asian|Zika_virus	2016-05-09
MF801396|ZIKV/Homo_sapiens/MEX/2016/mex14|NA|2016_05_17|Human|Mexico|Asian|Zika_virus	2016-05-17
MF801398|ZIKV/Homo_sapiens/MEX/2016/mex17|NA|2016_05_20|Human|Mexico|Asian|Zika_virus	2016-05-20
MF801402|ZIKV/Homo_sapiens/MEX/2016/mex24|NA|2016_05_26|Human|Mexico|Asian|Zika_virus	2016-05-26
MF801403|ZIKV/Homo_sapiens/MEX/2016/mex25|NA|2016_05_25|Human|Mexico|Asian|Zika_virus	2016-05-25
MF801404|ZIKV/Homo_sapiens/MEX/2016/mex26|NA|2016_07_08|Human|Mexico|Asian|Zika_virus	2016-07-08
MF801406|ZIKV/Homo_sapiens/MEX/2016/mex28|NA|2016_07_07|Human|Mexico|Asian|Zika_virus	2016-07-07
MF801407|ZIKV/Homo_sapiens/MEX/2016/mex29|NA|2016_07_05|Human|Mexico|Asian|Zika_virus	2016-07-05
MF801408|ZIKV/Homo_sapiens/MEX/2016/mex30|NA|2016_07_05|Human|Mexico|Asian|Zika_virus	2016-07-05
MF801409|ZIKV/Homo_sapiens/MEX/2016/mex31|NA|2016_07|Human|Mexico|Asian|Zika_virus	2016-07
MF801410|ZIKV/Homo_sapiens/MEX/2016/mex32|NA|2016_07_05|Human|Mexico|Asian|Zika_virus	2016-07-05
MF801412|ZIKV/Homo_sapiens/MEX/2016/mex34|NA|2016_07_07|Human|Mexico|Asian|Zika_virus	2016-07-07
MF801413|ZIKV/Homo_sapiens/MEX/2016/mex35|NA|2016_07_07|Human|Mexico|Asian|Zika_virus	2016-07-07
MF801414|ZIKV/Homo_sapiens/MEX/2016/mex36|NA|2016_07_05|Human|Mexico|Asian|Zika_virus	2016-07-05
MF801417|ZIKV/Homo_sapiens/MEX/2016/mex40|NA|2016_07_01|Human|Mexico|Asian|Zika_virus	2016-07-01
MF801418|ZIKV/Homo_sapiens/MEX/2016/mex42|NA|2016_06_30|Human|Mexico|Asian|Zika_virus	2016-06-30
MF801420|ZIKV/Homo_sapiens/MEX/2016/mex44|NA|2016_07_04|Human|Mexico|Asian|Zika_virus	2016-07-04
MF801423|ZIKV/Homo_sapiens/MEX/2016/mex47|NA|2016_06_30|Human|Mexico|Asian|Zika_virus	2016-06-30
MF801391|ZIKV/Homo_sapiens/MEX/2016/Mexico_3502|NA|2016_07_06|Human|Mexico|Asian|Zika_virus	2016-07-06
MH157213|ZIKV/Homo_sapiens/MEX/41_001_F_V3_O/2016|NA|2016_06_23|Human|Mexico|Asian|Zika_virus	2016-06-23
MH157201|ZIKV/Homo_sapiens/MEX/41_001_F_V7_O/2016|NA|2016_06_28|Human|Mexico|Asian|Zika_virus	2016-06-28
MH157209|ZIKV/Homo_sapiens/MEX/41_006_F_V0_O/2016|NA|2016_07_05|Human|Mexico|Asian|Zika_virus	2016-07-05
MH157197|ZIKV/Homo_sapiens/MEX/41_006_F_V7_O/2016|NA|2016_07_13|Human|Mexico|Asian|Zika_virus	2016-07-13
MH157199|ZIKV/Homo_sapiens/MEX/41_017_F_V0_O/2016|NA|2016_08_08|Human|Mexico|Asian|Zika_virus	2016-08-08
MH157202|ZIKV/Homo_sapiens/MEX/41_017_F_V3_O/2016|NA|2016_08_10|Human|Mexico|Asian|Zika_virus	2016-08-10
MH157205|ZIKV/Homo_sapiens/MEX/41_017_F_V7_O/2016|NA|2016_08_15|Human|Mexico|Asian|Zika_virus	2016-08-15
MH157208|ZIKV/Homo_sapiens/MEX/41_022_F_V0_O/2016|NA|2016_08_22|Human|Mexico|Asian|Zika_virus	2016-08-22
MH157195|ZIKV/Homo_sapiens/MEX/41_022_F_V3_O/2016|NA|2016_08_24|Human|Mexico|Asian|Zika_virus	2016-08-24
MH157207|ZIKV/Homo_sapiens/MEX/41_022_F_V7_O/2016|NA|2016_08_29|Human|Mexico|Asian|Zika_virus	2016-08-29
MH157210|ZIKV/Homo_sapiens/MEX/41_023_F_V3_O/2016|NA|2016_08_25|Human|Mexico|Asian|Zika_virus	2016-08-25
MH157196|ZIKV/Homo_sapiens/MEX/41_023_F_V7_O/2016|NA|2016_08_29|Human|Mexico|Asian|Zika_virus	2016-08-29
MH157214|ZIKV/Homo_sapiens/MEX/42_001_F_V0_O/2016|NA|2016_06_24|Human|Mexico|Asian|Zika_virus	2016-06-24
MH157203|ZIKV/Homo_sapiens/MEX/42_001_F_V3_O/2016|NA|2016_06_27|Human|Mexico|Asian|Zika_virus	2016-06-27
MH157211|ZIKV/Homo_sapiens/MEX/42_007_F_V3_O/2016|NA|2016_07_29|Human|Mexico|Asian|Zika_virus	2016-07-29
MH157212|ZIKV/Homo_sapiens/MEX/42_016_F_V0_O/2016|NA|2016_08_19|Human|Mexico|Asian|Zika_virus	2016-08-19
MH157206|ZIKV/Homo_sapiens/MEX/42_018_F_V3_O/2016|NA|2016_09_23|Human|Mexico|Asian|Zika_virus	2016-09-23
MH157198|ZIKV/Homo_sapiens/MEX/42_018_F_V7_O/2016|NA|2016_09_28|Human|Mexico|Asian|Zika_virus	2016-09-28
MH157200|ZIKV/Homo_sapiens/MEX/43_023_F_V0_O/2016|NA|2016_10_21|Human|Mexico|Asian|Zika_virus	2016-10-21
MH157204|ZIKV/Homo_sapiens/MEX/43_023_F_V3_O/2016|NA|2016_10_25|Human|Mexico|Asian|Zika_virus	2016-10-25
MG595216|ZIKV/Homo_sapiens/MEX/R116265/2016|NA|2016_06_23|Human|Mexico|Asian|Zika_virus	2016-06-23
KU963574|ZIKV/Homo_sapiens/NGA/IbH_30656_SM21V1_V3/1968|NA|1968_09_09|Human|Nigeria|West_African|Zika_virus	1968-09-09
MF434516|ZIKV/Homo_sapiens/NIC/1304_13A1/2016|NA|2016_08_05|Human|Nicaragua|Asian|Zika_virus	2016-08-05
MF434517|ZIKV/Homo_sapiens/NIC/1659_13A1/2016|NA|2016_08_19|Human|Nicaragua|Asian|Zika_virus	2016-08-19
MF801426|ZIKV/Homo_sapiens/NIC/2016/Nicaragua_3912|NA|2016_07_25|Human|Nicaragua|Asian|Zika_virus	2016-07-25
KY765318|ZIKV/Homo_sapiens/NIC/4886_12A1/2016|NA|2016_07_10|Human|Nicaragua|Asian|Zika_virus	2016-07-10
KY765321|ZIKV/Homo_sapiens/NIC/4886_12A1_SP/2016|NA|2016_07_10|Human|Nicaragua|Asian|Zika_virus	2016-07-10
KY765325|ZIKV/Homo_sapiens/NIC/5005_13A1/2016|NA|2016_04_22|Human|Nicaragua|Asian|Zika_virus	2016-04-22
KY765327|ZIKV/Homo_sapiens/NIC/5005_13A1_SP/2016|NA|2016_04_22|Human|Nicaragua|Asian|Zika_virus	2016-04-22
MF434518|ZIKV/Homo_sapiens/NIC/5256_13A1/2016|NA|2016_08_26|Human|Nicaragua|Asian|Zika_virus	2016-08-26
MF434520|ZIKV/Homo_sapiens/NIC/5847_12B1/2016|NA|2016_02_07|Human|Nicaragua|Asian|Zika_virus	2016-02-07
KY765323|ZIKV/Homo_sapiens/NIC/6188_13A1/2016|NA|2016_06_30|Human|Nicaragua|Asian|Zika_virus	2016-06-30
KY765326|ZIKV/Homo_sapiens/NIC/6188_13A1_SP/2016|NA|2016_06_30|Human|Nicaragua|Asian|Zika_virus	2016-06-30
KY765319|ZIKV/Homo_sapiens/NIC/6406_13A1/2016|NA|2016_05_29|Human|Nicaragua|Asian|Zika_virus	2016-05-29
KY765320|ZIKV/Homo_sapiens/NIC/6406_13A1_SP/2016|NA|2016_05_29|Human|Nicaragua|Asian|Zika_virus	2016-05-29
MF434521|ZIKV/Homo_sapiens/NIC/6547_13A1/2016|NA|2016_07_19|Human|Nicaragua|Asian|Zika_virus	2016-07-19
KY765317|ZIKV/Homo_sapiens/NIC/7252_12A1/2016|NA|2016_06_29|Human|Nicaragua|Asian|Zika_virus	2016-06-29
KY765322|ZIKV/Homo_sapiens/NIC/7252_12A1_SP/2016|NA|2016_06_29|Human|Nicaragua|Asian|Zika_virus	2016-06-29
MF434522|ZIKV/Homo_sapiens/NIC/7253_13A1/2016|NA|2016_08_29|Human|Nicaragua|Asian|Zika_virus	2016-08-29
KY765324|ZIKV/Homo_sapiens/NIC/8610_13A1/2016|NA|2016_07_07|Human|Nicaragua|Asian|Zika_virus	2016-07-07
KX198135|ZIKV/Homo_sapiens/PAN/BEI_259634_V4/2016|NA|2016|Human|Panama|Asian|Zika_virus	2016
KX156775|ZIKV/Homo_sapiens/PAN/CDC_259249_V1_V3/2015|NA|2015_12_11|Human|Panama|Asian|Zika_virus	2015-12-11
MN100039|ZIKV/Homo_sapiens/PAN/CDC_259249_V1_V3/2015|NA|2015_12_11|Human|Panama|Asian|Zika_virus	2015-12-11
MN124090|ZIKV/Homo_sapiens/PAN/CDC_259249_V1_V3/2015|NA|2015_12_11|Human|Panama|Asian|Zika_virus	2015-12-11
MN124091|ZIKV/Homo_sapiens/PAN/CDC_259249_V1_V3/2015|NA|2015_12_11|Human|Panama|Asian|Zika_virus	2015-12-11
KX156774|ZIKV/Homo_sapiens/PAN/CDC_259359_V1_V3/2015|NA|2015_12_18|Human|Panama|Asian|Zika_virus	2015-12-18
KX156776|ZIKV/Homo_sapiens/PAN/CDC_259364_V1_V2/2015|NA|2015_12_18|Human|Panama|Asian|Zika_virus	2015-12-18
KX087101|ZIKV/Homo_sapiens/PRI/PRVABC59/2015|NA|2015_12|Human|Puerto_Rico|Asian|Zika_virus	2015-12
KX601168|ZIKV/Homo_sapiens/PRI/PRVABC59/2015|NA|2015_12_01|Human|Puerto_Rico|Asian|Zika_virus	2015-12-01
KX694532|ZIKV/Homo_sapiens/THA/PLCal_ZV/2013|NA|2013_02_12|Human|Thailand|Asian|Zika_virus	2013-02-12
KX827268|ZIKV/Homo_sapiens/USA/UT_1/2016|NA|2016_01_01|Human|USA|Asian|Zika_virus	2016-01-01
KY559001|ZIKV/Homo_sapiens/Brazil/2015/ZBRD103|NA|2015_08_20|Human|Brazil|Asian|Zika_virus	2015-08-20
KY559003|ZIKV/Homo_sapiens/Brazil/2015/ZBRD116|NA|2015_08_28|Human|Brazil|Asian|Zika_virus	2015-08-28
KY558999|ZIKV/Homo_sapiens/Brazil/2016/ZBRC319|NA|2016_07_10|Human|Brazil|Asian|Zika_virus	2016-07-10
KY559004|ZIKV/Homo_sapiens/Brazil/2016/ZBRE69|NA|2016_04_16|Human|Brazil|Asian|Zika_virus	2016-04-16
KY559005|ZIKV/Homo_sapiens/Brazil/2016/ZBRX1|NA|2016_04_18|Human|Brazil|Asian|Zika_virus	2016-04-18
KY559017|ZIKV/Homo_sapiens/Brazil/2016/ZBRX100|NA|2016_05_19|Human|Brazil|Asian|Zika_virus	2016-05-19
KY559018|ZIKV/Homo_sapiens/Brazil/2016/ZBRX102|NA|2016_02_25|Human|Brazil|Asian|Zika_virus	2016-02-25
KY559019|ZIKV/Homo_sapiens/Brazil/2016/ZBRX103|NA|2016_05_24|Human|Brazil|Asian|Zika_virus	2016-05-24
KY559011|ZIKV/Homo_sapiens/Brazil/2016/ZBRX11|NA|2016_04_19|Human|Brazil|Asian|Zika_virus	2016-04-19
KY559012|ZIKV/Homo_sapiens/Brazil/2016/ZBRX12|NA|2016_04_19|Human|Brazil|Asian|Zika_virus	2016-04-19
KY559021|ZIKV/Homo_sapiens/Brazil/2016/ZBRX127|NA|2016_03_10|Human|Brazil|Asian|Zika_virus	2016-03-10
KY559013|ZIKV/Homo_sapiens/Brazil/2016/ZBRX13|NA|2016_04_24|Human|Brazil|Asian|Zika_virus	2016-04-24
KY559023|ZIKV/Homo_sapiens/Brazil/2016/ZBRX130|NA|2016_03_22|Human|Brazil|Asian|Zika_virus	2016-03-22
KY559024|ZIKV/Homo_sapiens/Brazil/2016/ZBRX137|NA|2016_03_03|Human|Brazil|Asian|Zika_virus	2016-03-03
KY559014|ZIKV/Homo_sapiens/Brazil/2016/ZBRX14|NA|2016_04_24|Human|Brazil|Asian|Zika_virus	2016-04-24
KY559015|ZIKV/Homo_sapiens/Brazil/2016/ZBRX15|NA|2016_04_24|Human|Brazil|Asian|Zika_virus	2016-04-24
KY559006|ZIKV/Homo_sapiens/Brazil/2016/ZBRX2|NA|2016_04_18|Human|Brazil|Asian|Zika_virus	2016-04-18
KY559007|ZIKV/Homo_sapiens/Brazil/2016/ZBRX4|NA|2016_04_18|Human|Brazil|Asian|Zika_virus	2016-04-18
KY559009|ZIKV/Homo_sapiens/Brazil/2016/ZBRX7|NA|2016_04_19|Human|Brazil|Asian|Zika_virus	2016-04-19
KY559010|ZIKV/Homo_sapiens/Brazil/2016/ZBRX8|NA|2016_04_19|Human|Brazil|Asian|Zika_virus	2016-04-19
KY817930|ZIKV/Homo_sapiens/Brazil/2016/ZBRY14|NA|2016_01|Human|Brazil|Asian|Zika_virus	2016-01
KY559027|ZIKV/Homo_sapiens/Brazil/2016/ZBRY6|NA|2016_02_16|Human|Brazil|Asian|Zika_virus	2016-02-16
KY559032|ZIKV/Homo_sapiens/Brazil/2016/ZBRY7|NA|2016_01|Human|Brazil|Asian|Zika_virus	2016-01
KY559031|ZIKV/Homo_sapiens/Brazil/2016/ZBRY8|NA|2016_01|Human|Brazil|Asian|Zika_virus	2016-01
KY317936|ZIKV/Homo_sapiens/Colombia/2016/ZC188Se|NA|2016_01_16|Human|Colombia|Asian|Zika_virus	2016-01-16
KY317937|ZIKV/Homo_sapiens/Colombia/2016/ZC192Se|NA|2016_01_07|Human|Colombia|Asian|Zika_virus	2016-01-07
KY317938|ZIKV/Homo_sapiens/Colombia/2016/ZC199Se|NA|2016_01_10|Human|Colombia|Asian|Zika_virus	2016-01-10
KY317939|ZIKV/Homo_sapiens/Colombia/2016/ZC204Se|NA|2016_01_06|Human|Colombia|Asian|Zika_virus	2016-01-06
KY317940|ZIKV/Homo_sapiens/Colombia/2016/ZC207Se|NA|2016_01_09|Human|Colombia|Asian|Zika_virus	2016-01-09
MK241415|ZIKV/Homo_sapiens/CPV/2015/CV448c|NA|2015_12_03|Human|Cape_Verde|Asian|Zika_virus	2015-12-03
MK241416|ZIKV/Homo_sapiens/CPV/2015/CV487|NA|2015_11_27|Human|Cape_Verde|Asian|Zika_virus	2015-11-27
MK241417|ZIKV/Homo_sapiens/CPV/2016/CV907u|NA|2016_06_04|Human|Cape_Verde|Asian|Zika_virus	2016-06-04
MH063259|ZIKV/Homo_sapiens/Cuba/2017/FL046Se|NA|2017_07_26|Human|Cuba|Asian|Zika_virus	2017-07-26
MH063260|ZIKV/Homo_sapiens/Cuba/2017/FL047U|NA|2017_08_08|Human|Cuba|Asian|Zika_virus	2017-08-08
MH063261|ZIKV/Homo_sapiens/Cuba/2017/FL049U|NA|2017_09_24|Human|Cuba|Asian|Zika_virus	2017-09-24
MH063262|ZIKV/Homo_sapiens/Cuba/2017/FL051Se|NA|2017_07_17|Human|Cuba|Asian|Zika_virus	2017-07-17
MH063264|ZIKV/Homo_sapiens/Cuba/2017/FL055Se|NA|2017_08_13|Human|Cuba|Asian|Zika_virus	2017-08-13
MH063265|ZIKV/Homo_sapiens/Cuba/2017/FL057U|NA|2017_07_17|Human|Cuba|Asian|Zika_virus	2017-07-17
MF159531|ZIKV/Homo_sapiens/Cuba/2017/Hu0046Sa|NA|2017_04_19|Human|USA|Asian|Zika_virus	2017-04-19
MG494697|ZIKV/Homo_sapiens/Mexico/INPER38b/2016|NA|2016_11_24|Human|Mexico|Asian|Zika_virus	2016-11-24
KX832731|ZIKV/Homo_sapiens/USA//2016/Hu0015SA|NA|2016_08_24|Human|USA|Asian|Zika_virus	2016-08-24
KY075932|ZIKV/Homo_sapiens/USA/2016/FL001Sa|NA|2016_03_22|Human|USA|Asian|Zika_virus	2016-03-22
KY075933|ZIKV/Homo_sapiens/USA/2016/FL008U|NA|2016_06_21|Human|USA|Asian|Zika_virus	2016-06-21
KX842449|ZIKV/Homo_sapiens/USA/2016/FL010U|NA|2016_06_22|Human|USA|Asian|Zika_virus	2016-06-22
KY075934|ZIKV/Homo_sapiens/USA/2016/FL016U|NA|2016_07_03|Human|USA|Asian|Zika_virus	2016-07-03
KX922703|ZIKV/Homo_sapiens/USA/2016/FL021U|NA|2016_07_19|Human|USA|Asian|Zika_virus	2016-07-19
KY075935|ZIKV/Homo_sapiens/USA/2016/FL022U|NA|2016_07_16|Human|USA|Asian|Zika_virus	2016-07-16
KX922704|ZIKV/Homo_sapiens/USA/2016/FL030U|NA|2016_08_02|Human|USA|Asian|Zika_virus	2016-08-02
KX922705|ZIKV/Homo_sapiens/USA/2016/FL032U|NA|2016_08_05|Human|USA|Asian|Zika_virus	2016-08-05
KY075936|ZIKV/Homo_sapiens/USA/2016/FL036Se|NA|2016_08_04|Human|USA|Asian|Zika_virus	2016-08-04
KX922706|ZIKV/Homo_sapiens/USA/2016/FL038U|NA|2016_08_05|Human|USA|Asian|Zika_virus	2016-08-05
KX922707|ZIKV/Homo_sapiens/USA/2016/FL039U|NA|2016_08_17|Human|USA|Asian|Zika_virus	2016-08-17
LC191864|ZIKV/Hu/Chiba/S36/2016|NA|2016_04_21|Human|Japan|Asian|Zika_virus	2016-04-21
LC219720|ZIKV/Hu/NIID123/2016|NA|2016_11_22|Human|Japan|Asian|Zika_virus	2016-11-22
LC369584|ZIKV/Hu/Thai/KngSG/17_D501|NA|2017|Human|Japan|Asian|Zika_virus	2017
LC190723|ZIKV/Hu/Yokohama/1/2016|NA|2016_05_20|Human|Japan|Asian|Zika_virus	2016-05-20
MK829154|ZIKV/Human/Angola/2017/PoHuZV634959|NA|2017_10_26|Human|Portugal|Asian|Zika_virus	2017-10-26
KX601169|ZIKV/Macaca_mulatta/UGA/MR_766/1947|NA|1947_04_20|Monkey|Uganda|East_African|Zika_virus	1947-04-20
KU963573|ZIKV/Macaca_mulatta/UGA/MR_766_SM150_V8/1947|NA|1947_04_20|Monkey|Uganda|East_African|Zika_virus	1947-04-20
KY003154|ZIKV/VR10599/Pavia/2016|NA|2016_04|Human|Italy|Asian|Zika_virus	2016-04
KX266255|ZIKV_SMGC_1|NA|2016_02_14|Human|China|Asian|Zika_virus	2016-02-14
KU937936|ZIKVNL00013|NA|2016_02_11|Human|Suriname|Asian|Zika_virus	2016-02-11
KU997667|ZJ01|NA|2016_02_16|Human|China|Asian|Zika_virus	2016-02-16
KU761561|ZJ02|NA|2016_02|Human|China|Asian|Zika_virus	2016-02
KU761560|ZJ03|NA|2016_02|Human|China|Asian|Zika_virus	2016-02
KU820899|ZJ03|NA|2016_02_17|Human|China|Asian|Zika_virus	2016-02-17
KX013000|ZJ04|NA|2016_02_17|Human|China|Asian|Zika_virus	2016-02-17
KY328290|ZK_YN001|NA|2016_11_03|Human|China|Asian|Zika_virus	2016-11-03
KX813683|ZKA_16_097|NA|2016_08_27|Human|Singapore|Asian|Zika_virus	2016-08-27
KX827309|ZKA_16_291|NA|2016_08_28|Human|Singapore|Asian|Zika_virus	2016-08-28
MH255601|ZKA_16_922|NA|2016_09_01|Human|Singapore|Asian|Zika_virus	2016-09-01
KX253996|ZKC2/2016|NA|2016_02_16|Human|China|Asian|Zika_virus	2016-02-16
MG674718|ZKC2P4|NA|2016_04_16|Human|China|Asian|Zika_virus	2016-04-16
MG674719|ZKC2P6|NA|2016_04_16|Human|China|Asian|Zika_virus	2016-04-16
KY927808|ZZ_1|NA|2016_09|Human|China|Asian|Zika_virus	2016-09
